feature,importance
Age,0.37516211042599934
NumOfProducts,0.27415950501141456
IsActiveMember,0.1160022416035956
Balance,0.0925460103766785
Geography_Germany,0.06103315071737126
EstimatedSalary,0.029958846807579584
CreditScore,0.027269216345145657
Gender_Female,0.00832467119255299
Tenure,0.006211126087568104
Gender_Male,0.005275217900276527
Geography_France,0.0017212924649664
Geography_Spain,0.0014368434456753433
HasCrCard,0.0008997676211761127
